id,0
54, ukrain workshop quest build perfect grenad
62, ukrain workshop quest build perfect grenad breakingnew
66, ukrain workshop quest build perfect grenad
70, ukrain workshop quest build perfect grenad
81, ukrain workshop quest build perfect grenad
88, ukrain workshop quest build perfect grenad
101, ukrain workshop quest build perfect grenad andyvermautfrombelgiumlovesnewyorktim
102, ukrain workshop quest build perfect grenad
111, ukrain workshop quest build perfect grenad
114, nyt ukrain workshop quest build perfect grenad
133, ukrain workshop quest build perfect grenad news
150, ukrain workshop quest build perfect grenad
153, ukrain workshop quest build perfect grenad
175, defenseandmilitaryforc russianinvasionofukrain ukrain workshop quest build perfect grenad new york time
199, ukrain workshop quest build perfect grenad
219, ukrain workshop quest build perfect grenad
223, ukrain workshop quest build perfect grenad
