id,0
1, lukedcoffey want portray turkiy weaken balanc act happili left ukrain alon russia want destabilis region done middl east east europ area surround russia new middl east
3, bundeskanzl zelenskyyua long affili islam republ regim present europ canada send money iranian govern brutal iranian regim continu let rememb russia lost war russian oligarch kick europ
6, eceodeatstzrqag prasadgc high speed rail connect india asia russia europ would advanc india incred
12, weapon better weapon better weapon brain gone sadhgurujv bjp india potu europarl en ukrain russia
19, wallstreetsilv never like europ us china russia extrem central govern evolv around person check balanc western govern may ideal way better
20, yeon rhie long affili islam republ regim present europ canada send money iranian govern brutal execut iranian peopl continu let rememb russian oligarch kick europ russia lost war
22, good overview articl unfortun titl ukrain use new weapon tri push russian troop territori take fight russia defend countri illeg occupi
26, rob kimbel umm turkey russia realli break gdp europ asia
30, moscow russia western border countri specif eastern border cling europ like parasit icymi polit fyi lifehack trivia fuckputin
32, zb crushunyoo wickedon naija pr know much want make religi war obvious shove conspiraci theori ass even claim religi element reason war stop spit crap
33, n roettgen long affili islam republ regim present europ canada send money iranian govern brutal repress iranian peopl continu let rememb russian oligarch kick europ russia lost war
40, dominicraab dilanyesilgoz intlcrimcourt russia ukrain two corrupt countri europ dont care focu shit state countri sort nh fund arm forc stop fight age illeg immigr come mass
47, new eav suddenli himar rocket satellit guid precis weapon unit state suppli ukrain hit school almost complet destroy ignit cach ammunit kill hundr russian
60, think london carlbildt umm info us biggest alli busi etc kinda like say russia bomb london like hitler done ww yeah support ukrain us help keep russia europ thank
64, ad johnhawkinsrwn zelenskyyua goplead russia never attack european countri even russia take power kiev ukrainian beggar ask money usa eu show fake threat could come russia whole europ
71, russia war ukrain latest putin prais russian orthodox church support
75, blice tendar time train also ye technolog matter time soviet tank especi battl nato tank leopard outclass high margin leav countri without tank threat europ russia
77, euro atlant indo pac mutual exclus theatr compet china africa high north counter russia indian ocean def polici europ nato first tilt strateg talk parti polit detract
84, plu new take anti esg invest movement europ depend russia may open way transatlant deal energi climat polici
87, year ago januari manifesto sign expuls napoleon troop russia emperor alexand state unit europ fought russia particular cruelti furi ukrainewar nato natowar russia victoryday
89, justinwelbi orthodox celebr januari russia jerusalem serbia georgia orthodox church celebr decemb church ukrain think move new calendar orthodox christma
93, bundeskanzl zelenskyyua dont allow trick like usa tito pleas make europ stronger get rid last cancer europ serbia allow russia heart europ russia brought serbia hide pleas need open eye late
100, vasilyzaitsevru ukrain map best train armi europ one worst russia destroy ukrain noth even russia abl win someth would centuri fight resist imperi lesson learn
103, countri point hypocrisi west point hundr million african still lack access basic electr russia war ukrain upend breadbasket europ
107, russian way
112, igorsushko rest eastern europ need separ russia usa hollywood help imag propagandist level otherwis label put russian continu put rest us especi ukrainian
116, wake ukrainian use one give better life europ america need ukrain battlefield weaken russia understand messag void still sourc slavyangrad
118, phagafaga eastern europ countri like belaru bulgaria estonia latvia russia ukrain experienc strong state atheism polici
120, vamelina ukrain one less one get point pretti sure one say russia south america vodka balalaika dostoievski would pop german hate ww europ anymor time distanc play role good luck
124, pedophil new zealand jacindaardern nzparliament newzealand childtraffick pedo nzpol humanright news america australia ukrain russia germani europ usa child groomer crimesagainsthuman jacindaardern judgement
131, europa vil bli fattig og ga opplsn tehran unwil allow europ inv opp iran compar huge deal sgn w friendli nation china russia eu continu learn brutal lesson consequ vassal state us
139, dim kq differ west agre give modern tank ad plane ukrain ukrain neighbour must unit start produc weapon send ukrain endless war center europ russia get aggress
151, fab f russia go take entir ds world bank debt slave system control much europ chang awaken progress time turn fake news follow real inform spun establish lie msm fall intim
161, maileprmedia jackalski elonmusk richardgarriott option ukrain surrend becom vassal state russia move subjug former soviet state big enough attack europ unit state
163, ask eastern europ like russia ukrain etc celebr christma th januari western europ celebr th decemb una jesu realli born th decemb eastern europ christian celebr differ date dadanwammiri
165, ukrainen clashreport american want russia ukrain war continu let sell weapon make europ american coloni care peac
166, newvoiceukrain peopl europ us countri us want see paveway want ukrain achiev freedom liberti get free russia tight stranglehold also see danger world putin win war
186, nytim good russia come futher east europ come state
189, american market price cheap global standard tripl level past decad europ depend russia may open way transatlant deal energi climat polici
191, steve hank russia news agenc announc want take eastern europ ok moscow stock see opportun eastern europ taken fascist putin war crimin shame
195, ksorb rememb time gave america europ russia gain independ weapon nuclear missil exchang secur territori ukrain russian fight life deserv
197, america jule zelenskyyua ukrain protect american european countri israel counter iran middl east taiwan counter china asia differ ukrain counter russia europ
209, jeremyspeci ye way destroy russia cost ukrain europ american tax payer
218, norway announc k artilleri shell everi month cia suppli k everi week without us support ukrain exist anymor europ would fatal danger former soviet state know stake boycottbollywood nato russia ukrainewar
221, jacvriesb julianroepck putin tri take us knee europ throat world need thank russian soldier risk live us let ukrain europ russia kill us enter end hero like ww us aid ukrain russia fight
225, catturd russia actual invad ukrain would blast rubbl within day russia take entir ds cabal corrupt establish control europ liber go russia
229, zelenskyyua potu defeat russia win last peac europ come ukrain
231, nichola apmassaro that one countri could miss europ serbia sewer russia
232, nazi must protect europ commun invad everi non communist countri europ russia must protect europ globohomo invad least globohomo countri europ
233, situat cathol church russia silenc bishop dioces odesa simferopol bishop stanislav shirokoradiuk gave interview ukrainian news europ world asia bishop bishopstanislavsh
235, radovi u toku warmonitor european contradict russian aggressor part europ hundr year never took account invad slav orthodox russia ultim evil eastern europ year
239, fab f peopl fight ds cabal money launder system bio weapon lab human traffick russia roll entir ds control europ liber go russia
241, bearimi zelenskyyua goplead keep paycheck flow usarm ammo manufactur us worker major militari equip buy us corp fight russia aleutian island etc save europ russian takeov etc
242, repgregmurphi speakermccarthi america ireland europ russia matter full poo
244, defenceu g putin tri take us knee europ throat world need thank russian soldier risk live us let ukrain europ russia kill us enter end hero like ww us aid ukrain russia fight
246, situat cathol church russia silenc bishop dioces odesa simferopol bishop stanislav shirokoradiuk gave interview ukrainian news europ world asia bishop bishopstanislavsh
249, rydeimag video microencod appl unitedst japan australia mexico russia canada israel china taiwan ukrain switzerland northkorea soutkorea saudiarabia europ india click video altern interv frequenc channel
252, qxx ye nau russian fierc natur kind person first place way ryan easi access sneak border sef easi jack person interest whole europ greer use tunnel enter russia omo
255, cinc afu thejointstaff defeat russia win last peac europ come ukrain
263, andriyyermak speakermccarthi defeat russia win last peac europ come ukrain
275, bundeskanzl zelenskyyua let get leopard road ukrain europ need peac way get russia behind border
276, russia look erad nazism least anti semit countri eastern europ sound right
277, freespeechatla zelenskyyua goplead whine fight russia u shld glad ukrain armi die money cheaper better give open door europ us make u happi
282, quot ukrainian ultra nationalist nazi stepan bandera ukrainian parliament monday declar complet supremo victori ukrainian nation russian empir ceas exist
283, new armor vehicl help ukrain take fight russia
287, freedomoj maxseddon anoth putin lie pr stunt russia continu artilleri bombard
295, coulljordan mkaic johnhawkinsrwn zelenskyyua goplead guarantor ukrain border via variou treati also us interest stabl europ without malevol aggress russia caus war destruct
296, ukrain need least billion restor telecommun sector pre war level un agenc said report publish friday alleg russia destroy complet seiz network part countri
299, anonym claim serbia putin puppet russia look expand war europ distract west foxnew
300, rishibagre india purchhas crude russia cheapli give indian compani case peopl would get petrol rs cheaper govern give russian crude exclus ambani refineri ambani export russian crude ambani refineri europ hugeprofit
302, kherson morn artilleri fight resum resid attend orthodox christma mass basement cathedr polic offic control entranc church ukrain europ russianwarcrim russia war
305, unilater ceas fire attempt russia buy time eu foreign polici chief
309, ssgtkotyk calipso secur europ whole stake war worth everi cent ukrain must win russia attack european countri time europ step well leopard
312, kanthan miss part invad sovereign territori also miss fact degener lie terrorist mafia construct respect human life ethic moral russia risk europ asia middl east
313, okosisi na omor homeless help ukrain us stop larger war happen europ stop russia make soviet union stop russia invad countri save million civilian wouldv die russia
316, brittle zelenskyyua goplead american tri stabilis keep market alli russia destabilis europ kiss big chunk america export foreign invest goodby
320, flash news ua realli brainer europ biggest threat russia russia war countri proven fight nato european equip noth store mainten drama queen current job program
332, naomikimallen eight million fled europ alon talk israel canada russia million count new republ
333, wagner group pure mercenari group russia like black water mozart etc america subscrib nazi ideolog ever brussel europ bakhmut kyiv russia
336, hayekandmil thank agre china real threat expansionist move cant taken lightli feel case proxi war sanction suit certain american interest far well weaken russia europ sell ga weapon maidan coup us back
338, ukrainian artilleri crew fight bakhmut engag drone radio free europ radio liberti
339, ukrainian artilleri crew fight bakhmut engag drone radio free europ radio liberti
346, chrismamun visegrad ukrain loos us would much bigger problem china us would stand without support economi militari diplomat backup europ that china russia would like maga would love antiamerican
348, ovaj ai nema pojma human tartaria usa ai evid suggest tartaria ever extend far unit state tartaria believ locat mainli russia belaru kaz area central asia eastern europ
351, common thread europ bandi togeth adam destroy invad putin western analyst alreadi talk post putin russia
356, listen one ukrainian soldier said stand otherwis desert street bakhmut rattl small arm whistl artilleri mortar shudder explos continu assess ceas fire pr
361, threat european civil societi organ come repress govern like russia turkey also come elect govern state whose democraci appear better health like franc greec itali uk
365, koraykarahan hovmkh eskirahatsiz front ukrainian problem armenian reason turk given much alway chosen differ path franc europ russia one alway thank
366, ireland ukrain whenev see someon live europ full access educ still support russia
367, alx cold war continu wwii nato russia made deal deal russia mind busi nato encroach e europ buffer russia sinc nato usa countri countri move line toward russia ukrain last buffer wwiii
368, interest check histori context russia ukrain war continent europ england later us extens european contin ww ww never spare person want conquer europ extens russia
372, great read world split two major block west eurasia west combin america western europ fair weather alli eurasia combin china russia china major russia minor partner allianc
374, ozwal definit robgeorg lrozen alway usa basic save europ right lng shipment get germani russia go full one year war rubbl decay china full covid asia function without proper usa protect explain point pleas
379, frequent abstain anti russia resolut un india continu meaning dialogu us europ care diplomat hedg india part help remain relev global crisi
390, johnhawkinsrwn zelenskyyua goplead realiz elimin threat like russia end decreas likelihood futur war result lower requir budget militari donat invest futur secur europ world
391, origin inhabit india afghanistan agni aryan balochistan bhil commun brahui dravidian english europ european languag igni indsupremecourt iran latin mkatju north america pakistan presscouncil russia
393, major industrialis nation like us europ china russia must make pakistan climat relat loss one highest carbon emiss geograph countri affect climat chang betterpakistan
394, bjornlomborg interest nice see uk still contribut much im continu impress tini collect raini island northwest coast europ rel small popul compar china india usa russia etc still world leader
395, avatar nikkimariediari zelenskyyua goplead usa larg presenc europ via nato case notic sure america could focu america let china russia conquer whatev countri like next kind isolationist think thank present ww
396, mdbutler jennaellisesq goplead turn china chna caught give away ukrainian troop posit russia dji ukrain would turn europ love see europ actual pay someth
397, burneleigh abelscott indiaisgreatok barritu macaesbruno say russia good said western peopl talk imperi destroy whole world india neutral europ west problem europ deal
399, un u blame india peac kashmir want make peac territori india countri tri establish peac russia ukrain conflict india want europ burn bomb missil russia keep distanc frm kashmir antonioguterr
400, carlkesson islamicworldupd nato usa aggressor seem also ignor histori hundr year russia aggressor state part europ forgot mention infect bat bird program attack russian blood
401, gergelyszilvay politico us interest long war destroy russia europ well send amount weapon keep fight long possibl everi countri traitor readi sactrific life peopl countri economi interest
402, dailymailuk froth mouth claim global furi h taliban claim impress headlin c pm gmt canvass view africa north south america russia europ asia mail determin defend incestu relationship royalti
405, articl iran becom russia top militari backer suppli iranian made suicid drone shahe drone kill wound ukrain presid zelenskyy said aim exhaust peopl
