id,0
24, ten financi group face potenti pension fund divest claim us oil produc state critic follow news edf plant closur risk russia halt ga shipment europ
42, australian energi produc say ukrain war europ crunch shift global suppli chain govern advis say europ largest economi face big hit berlin accept russia ga ban
63, luxuri fashion hous want broaden investor base critic follow news edf plant closur risk russia halt ga shipment europ
72, russian state group kept suffici deliveri europ ensur bumper profit year ukrain richest oligarch launch lawsuit russia
76, saudi energi minist pressur keep price near barrel despit global inflat critic follow news edf plant closur risk russia halt ga shipment europ
83, sleep wood hug tree experienti learn aim help staff identifi compani valu critic follow news edf plant closur risk russia halt ga shipment europ
91, new peak output come amid squeez ga hydropow nuclear suppli critic follow news edf plant closur risk russia halt ga shipment europ
94, gramerci vanguard think critic follow news edf plant closur risk russia halt ga shipment europ
121, russian state group kept suffici deliveri europ ensur bumper profit year us european alli prepar aggress econom financi sanction russia
155, treasuri select committe rais issu financi regul data obtain ft cast fresh light intern struggl critic follow news edf plant closur risk russia halt ga shipment europ
164, russian state group kept suffici deliveri europ ensur bumper profit year mongolia say russia china ga pipelin break ground
168, russian state group kept suffici deliveri europ ensur bumper profit year move come amid concern suppli russia europ could disrupt
187, joint ventur tianqi igo step product batteri grade fuel electr vehicl market critic follow news edf plant closur risk russia halt ga shipment europ
192, plu california power grid face biggest test yet russia resum partial ga flow europ nord stream
215, russian leader say term agreement reach juli caus global shortag critic follow news edf plant closur risk russia halt ga shipment europ
220, plu california power grid face biggest test yet russia cut ga deliveri europ via nord stream
222, russia unbow sanction russian presid say kaliningrad ga renew boss wael sawan among candid head europ biggest oil ga compani
237, whistleblow tell us lawmak twitter put profit secur critic follow news edf plant closur risk russia halt ga shipment europ
245, asset manag idiosyncrat cultur decad success risk left behind rival govern advis say europ largest economi face big hit berlin accept russia ga ban
266, fund manag assess compani esg credenti fli blind critic follow news edf plant closur risk russia halt ga shipment europ
