id,0
2, ukrain workshop quest build perfect grenad thoma gibbon neff natalia yermak via nyt
9, ukrain workshop quest build perfect grenad thoma gibbon neff natalia yermak via nyt new york time
106, ukrain workshop quest build perfect grenad thoma gibbon neff natalia yermak via nyt new york time
123, ukrain workshop quest build perfect grenad thoma gibbon neff natalia yermak via nyt new york time
126, ukrain workshop quest build perfect grenad thoma gibbon neff natalia yermak via nyt new york time
134, ukrain workshop quest build perfect grenad thoma gibbon neff natalia yermak via nyt
135, ukrain workshop quest build perfect grenad thoma gibbon neff natalia yermak via nyt new york time
167, ukrain workshop quest build perfect grenad thoma gibbon neff natalia yermak nyt world
176, ukrain workshop quest build perfect grenad thoma gibbon neff natalia yermak via nyt new york time
177, ukrain workshop quest build perfect grenad thoma gibbon neff natalia yermak via nyt new york time
182, ukrain workshop quest build perfect grenad thoma gibbon neff natalia yermak via nyt new york time
198, ukrain workshop quest build perfect grenad thoma gibbon neff natalia yermak via nyt new york time
201, ukrain workshop quest build perfect grenad thoma gibbon neff natalia yermak via nyt new york time
207, ukrain workshop quest build perfect grenad thoma gibbon neff natalia yermak via nyt new york time
208, ukrain workshop quest build perfect grenad thoma gibbon neff natalia yermak via nyt new york time
214, ukrain workshop quest build perfect grenad thoma gibbon neff natalia yermak via nyt new york time
224, ukrain workshop quest build perfect grenad thoma gibbon neff natalia yermak via nyt new york time
234, ukrain workshop quest build perfect grenad thoma gibbon neff natalia yermak via nyt new york time
236, ukrain workshop quest build perfect grenad thoma gibbon neff natalia yermak via nyt new york time
