id,0
4, putin wast leverag europ longer reli russia ga german minist say
8, joelbacca ask detail comparison condit settl spain brexit funni enough never saw one eu europ inde belaru russia uk one close associ want join
10, today orthodoxchristma day thought children youth women men ukrain russia beyond would like contribut safe way peac humanright democraci ruleoflaw may light peac dawn coe coe ngo germisch commissionerhr
16, ultim delus lol zero evid anywher russia want attack europ lol
17, investor sentiment invas ukrain europ decis seek altern suppli shrink russia global power irrepar
23, minor sharehold push seat courthous tabl insist furiou ralli sign group true valu iea chief accus russia worsen europ ga crisi
31, andrei martyanov long take europ recov russia via youtub europ recov
34, custom data suggest demand beij new delhi larg offset loss sale europ exxonmobil exit russia oper condemn ukrain invas
35, drjwood tedcruz kevinomccarthi ukrain alli prevent russia tri take europ good mccarthi
37, zelenski say russia want use ceasefir cover halt ukrainian advanc via franc
45, apocalyps fiction subtitl select languag auto translat spain poland europ russia denmark franc sweden greec switzerland norway austria germani finland newzealand luxembourg itali argentina portug bulgaria slovakia
49, meet war crime conven uk justic minist around world meet london march discuss best support investig war crime aris russia invas ukrain
50, namjimjaew krishgm except realli longer check ilga europ rank uk top chart drop th place st place tran peopl russia nd hate crime increas everi year
52, custom data suggest demand beij new delhi larg offset loss sale europ financi sanction russia made potash suppli harder obtain
53, three popular etp investor x leverag invers oversea vehicl russia indefinit suspend nord stream pipelin europ
55, sebastiankurz woodpeck want sen messag like clown vienna messag orthodox world belong russia happen austrian clown want luck usa estern europ otherwis would sell us ru
59, jovanc tim lmerfvdd justifi codifi russia imperi past cours exactli putin want
65, asham innoc ppl die embassil putin pay back b h
74, russian instal governor crimean citi sevastopol say air defenc shot drone suggest attempt ukrainian attack port russia black sea fleet base follow live coverag
78, luxuri fashion hous want broaden investor base russia shut nord stream ga pipelin europ
80, uxori cosin n batrow blackintheempir hate someon write whole paragraph nonsens europ found altern sourc unless u cite russia isnt recess europ send want practic demilitar global south stand
82, big data say mmiw scam ukrain workshop quest build perfect grenad thoma gibbon neff natalia yermak mmiw landback icwa ukrainian unit tinker tape scale printer item
86, andrei martyanov long take europ recov russia abl keep valu z russia ukrain russian donetsk putin zelenski zelenskyy bandera stepanbandera usa moscow geopolit exception hegemoni soledar
90, mfa russia mfa ukrain defenceu mission russian russiaun mission rf rusembusa russianembassi rusmiss eu russianembassyc rusembau predict
92, custom data suggest demand beij new delhi larg offset loss sale europ shell join bp equinor pullback russia
95, abelscott say russia good said europ drag problem solv
96, fund provid face polit battl tighten regulatori environ could prove oner russia shut nord stream ga pipelin europ
127, emerg energi packag fund borrow despit high inflat invas ukrain europ decis seek altern suppli shrink russia global power irrepar
128, sterl face pressur market worri mount rise uk imbal europ battl secur steel follow russia invas ukrain
137, cirnosad think tri attack even melitopol think tactic retreat like kherson even afu bring new reserv train europ think russia allow ukrain get close melitopol znpp time tell glad back
138, doubt remain outlook ecommerc invas ukrain europ decis seek altern suppli shrink russia global power irrepar
140, prospect even stronger dollar mean investor let moment soon europ battl secur steel follow russia invas ukrain
154, ro phillipspobrien realli thought war defenc ukrain even russia defeat remain signific power east europ dread think sort mean consequ could
158, partner chri dixon hit domin compani ventur capit firm play promin role creat europ battl secur steel follow russia invas ukrain
159, sec investig spark question bank monitor commun era disappear messag russia indefinit suspend nord stream pipelin europ
160, gsoctak everi coutri germani russia nothern europ white snow
169, russia show mani way back militari might fool would ignor russian advanc us wast billion dollar europ wast billion euro without success made differ ukrain
170, joint ventur tianqi igo step product batteri grade fuel electr vehicl market russia ga squeez moment truth europ
171, putin wast leverag europ longer reli russia ga german minist say via yahoo
173, work imperfect emiss environment inform industri find solut europ battl secur steel follow russia invas ukrain
178, custom data suggest demand beij new delhi larg offset loss sale europ bank seek clariti avoid complianc eu sanction russia
183, winterread recommend egmontinstitut staff bernardsiman lough john germani russia problem struggl balanc europ manchest univers press
184, defenceu stuck saint petersburg saw time chang murder democraci minist russia scream vain rode tank gener rank ukrainian invas rage russian bodi stank
185, n roettgen regim send drone russia kill ukrainian kid kill peopl kill syrian peopl caus huge migrat europ tri blockad hormoz strait caus oil price increas tri make terrorist act europ albani an mani thing
188, richard buxton pessimist tumbl pound renaiss fossil fuel revers sell trend invas ukrain europ decis seek altern suppli shrink russia global power irrepar
190, treasuri yield rise currenc weaken dollar russia resum partial ga flow europ nord stream
194, fear iranian suppli weaken economi prompt rethink riyadh invas ukrain europ decis seek altern suppli shrink russia global power irrepar
203, high temperatur expect europ today dwd icon weather data contain valu select citi today c predict moscow russia graphic
204, jdport great set question last one unlock key issu circumst prospect worst g europ exceededin term neg think russia sunak shouldnt allow hide behind global line
205, battl corpor environment social polici us heat russia indefinit suspend nord stream pipelin europ
206, putin tri blackmail europ fail via youtub lol lol lol victori ukrain nato bravo bravo bravo bravo bravo bravo bravo bravo bravo glori ukrain russia lost lost lost
210, repurchas superb disciplin corpor financ encourag invas ukrain europ decis seek altern suppli shrink russia global power irrepar
212, scotnat thousand children russia militari rescu thst shit hole ukrain europ russia usa one found aliv hundr traffick site kill taper murder children decad centuri
213, mountainhigh alexg hungarybas russia interest europey lot realli believ want invad
216, work imperfect emiss environment inform industri find solut invas ukrain europ decis seek altern suppli shrink russia global power irrepar
227, germanyinusa abaerbock europ want peac give secur guarante russia agre demimilitaris ukrain neutral statu nato must stop eastward expans threat intern peac secur result mess
230, leak reveal roman abramovich billion dollar trust transfer russia sanction ukrain
243, serbian presid reject call sanction russia
247, russia forc begin temporari ceasefir ukrain reject truce
250, shami european power go relentlessli went napolean hitler though later nuke creat deter henc europ tri make russia bleed militarili occupi ukrain financi russia seem alli economi
251, decis follow sharp rise food price due russia invas ukrain covid pandem russia war ukrain upend breadbasket europ
253, hsbc expect valu averag british home drop central london fall iea chief accus russia worsen europ ga crisi
257, weak pound indic market see uk prospect invas ukrain europ decis seek altern suppli shrink russia global power irrepar
260, world forecast us sort mess year emerg stronger crisi europ fuck eastern europ less pain west russia breakup australia stay corner chill rest world realli count
262, brussel see climat chang existenti threat joe biden want prioritis job europ battl secur steel follow russia invas ukrain
264, custom data suggest demand beij new delhi larg offset loss sale europ russia resum partial ga flow europ nord stream
267, bunti hungarybas sound like problem russia though least everyon learn histori europ
269, intern commun must realiz russia peac maker prolong conflict south caucasu reliabl actor anymor
270, andrei martyanov long take europ recov russia via youtub
273, cautious upbeat look ukrain economi prospect year gdp fall para hundr plant evacu russian occupi zone summer look weird
274, hungarybas ye everi civilis nation get lot involv hungari pay highest price europ ga feel satellit state russia
279, republ relat rip mean russia ukrain syria europ world war trump usa insult black race state muslim stone pelt armi recruit state revolt iran girl insult mob rescu prevent eu putin disagre energi agre
280, abelscott never said support russia clearli said europ problem deal
284, russia size power geograph proxim baltic nordic state mean never dismiss domin potenti aggress actor region
286, christogrozev interest flag choic consid russia like manufactur immigr crise europ
289, loveukrain opium smoker newvoiceukrain ye that geopolit us tell uk europ putin ukrain fair work like intern affair rememb also west prevent russia join eu nato viceversa
301, thief night apocalyps distant thunder thief night part portug switzerland norway germani uk itali luxembourg ue greec czech argentina finland russia denmark poland europ bulgaria slovakia spain austria sweden franc
306, crypto dutchi kyivindepend russia economi alreadi fall littl debt found opportun sell oil natur ga compani outsid europ europ actual kept buy last year europ purchas go basic zero demand
308, new tether type uav test complex manufactur trial oper smo zone russia ukrain russian russianukrainianwar russian israel kherson donetsk donba europ odessa bakhmut russianukrainianwar russian russianarmi
310, palaskl nexta tv germani piss central eastern europ regard russia poland piss german cleareanc anyway poland acquir new tank licens south korea new tank us
311, devilsbal exactli everywher europ everywher world czechia peopl persecut doctor pandem root russia
315, campbellclaret hungari block approv new eu packag financi aid ukrain worth billion kyiv author urgent need cover balloon state deficit keep economi run backdrop russia invas
319, insan ukrain ukrain must seiz europ biggest nuclear power plant back russia forc effort establish secur zone around evapor kyiv top nuclear offici say via bpolit
324, south africa increas coal export europ replac miss volum russia
326, belaru invad ukrain would ad belaruss mistak miseri would better join europ belaru tractor sell russia buy china stabl societi follow peac
327, andrei martyanov long take europ recov russia via youtub
341, jimshor euromov european union prohibit russian crude oil import sea set bloc phase oil import russia huge move given europ receiv roughli third oil import russia
344, miki bg mak nafo fella littl problem stori elect russian lover govern free chose russia europ live consequ decis know action reaction
345, taranq julianroepck everyth maidan consid russian econom cultur polit occup exactli organ maidan want coloni russia want decid destini europ geograph
347, hope u cut tie germani eastern europ russia germani eat bag bratwurst theyr pimp theyd fuck mind young peopl extort sex money
349, whether putin smbition go beyond ukrain clear neither suppli line stretch despit measur isol russia econom cut oil incom putin manag surviv till given histori europ rest till end
352, current track tanker carri russian fossil fuel bound europ tanker left russia last hour time europ said russian oil ga oilfuelswar fossilfreerevolut
355, averag number peopl arriv ireland ukrain per day drop almost two third xma period howev increas attack russia could see number rise
357, gerashchenko en think oil ga miner ukrain think much money russia need manipul central europ creat buffer zone poland slovakia czechia hungaria romania serbia bulgaria think annect lit est lot
359, divinelawr macaesbruno inde imperi racism toward global south cancel imperi racism toward eastern europ let compens regular western neoconi let russia regularli invad neighbour
362, first case empor french napolean start conquest europ around manag win make alli europ till rhine treati russia earlier broke invad russia half million long grand arme
370, waqa spaceghostmuga horseshit economi stand chanc outpac russia militarili kleptocrat moscow steal militari develop money russian buy fanci hous boat europ enemi much closer home geniu
371, alexg hungarybas peac russia caus bigger problem europ later mark word
373, comhbha principledprog molotov ribbentrop pact enabl nazi germani attack alli guarante hitler wont second front russia includ secret claus split europ russia nazi germani poland invad nazi week later russia week later
376, opium smoker rdeckard newvoiceukrain doesnt mean war arent attack belaru russia alli us bomb iraq use logist europ give excus luhashenko involv also militari that point
377, vtb bank sent appeal treasuri belgium ministri financ luxembourg obtain licens unlock foreign secur client incom vtbbank vtb belgium luxembourg sanction ukrainewar russia financ asset europ
380, slavoj zizek intern director birkbeck institut human univers london denazif begin home russia radio free europ
381, tippl oryxspioenkop jimbob warmonitor hour pass leopard alreadi game pointless obstinaci german germani foreign polici lead nowher concern concern central europ futur relat russia
383, let never forget nato expans root caus tension eastern europ russia respond threat pose western militari organ nation secur one inch east promis mr gorbachev fool russ warrior
384, xxcoldsteelexx doeni zukosmama nazi liter everi millitari europ beyond well includ russia wagner group name hitler favorit compos neo nazi group rampant gang usual skinhead neonazi russia take ukrain make ukrain less nazi
385, douglacaz alstonkurlelo zukosmama ukrain worst europ object democrat russia
386, let never forget nato expans root caus tension eastern europ russia respond threat pose western militari organ nation secur one inch east promis mr gorbachev fool russ warrior
387, let never forget nato expans root caus tension eastern europ russia respond threat pose western militari organ nation secur one inch east promis mr gorbachev fool russ warrior
388, maggiedidris tell europ continu trade authoritarian putin russia know full well everyth go well exactli money smell putin regim conveni way
392, tell russian cultur
398, un releas report ukrain telecom damag russia reuter
406, hoosier bernad blackrussiantv long readi see russia strike europ us uk
407, jamesbradleyca mandatori stupid say republican sympathis europ let hate democrat blind fact russia invad countri tri genocid st centuri
