id,0
0, uk stock trade app turn exist investor mn price tag compani slip tough environ europ help ukrain end russia energi stranglehold
5, russia war ukrain latest fight follow moscow truce
11, billionair north ventur deal privat equiti credit insur europ help ukrain end russia energi stranglehold
13, live updat russia war ukrain cnn
15, live updat russia war ukrain abram russian joebiden volodymyrzelenski russian ukrain
25, andi vermaut share live updat russia war ukrain cnn live updat russia war ukrain cnn thank andyvermautsharesthisnewswithloveandhop theworldcanbecomeabetterplacesomedaysometim weneedmoreloveforworldpeacenowandalway
27, live updat russia war ukrain cnn
36, schwedt resid fear nightmar scenario refineri main sourc job heat forc close europ plan risk russia cut ga suppli year
39, russia cant win self evid stupid war work happen next almost imposs write lawdavf
41, call end russian empir ukrain parliament quot nazi collabor
46, billion restor ukrainian telecommun sector pre war level telecom ukrain
48, economi chang year sinc taliban retook control europ help ukrain end russia energi stranglehold
61, strong inflow help asset rise even activ mutual fund hold plung russia war ukrain could forc rethink plan end product europ largest gasfield despit link earth tremor
67, us interest rate rise set continu investor may sit hand russia war ukrain could forc rethink plan end product europ largest gasfield despit link earth tremor
105, move defi call western govern battl curb inflat amid energi crisi russia war ukrain could forc rethink plan end product europ largest gasfield despit link earth tremor
117, euromaidanpress europ alreadi war russia full scale war soon
119, richardgarriott invers hyperson missil carrier sit duck
125, us interest rate rise set continu investor may sit hand russia switch europ main ga pipelin sanction lift
136, emerg propos come respons russia use energi weapon aim soften soar energi cost europ must end russian energi habit
142, work imperfect emiss environment inform industri find solut russia war ukrain upend breadbasket europ
143, usambkyiv war weaken russia cost usa winner europ democraci nobodi talk negoti war good busi
144, equiti valuat dont yet reflect damag ahead global growth slow us china europ asia russia ukrain war continu end game energi crisi global de dollar drive escal
145, emerg propos come respons russia use energi weapon aim soften soar energi cost russia war ukrain could forc rethink plan end product europ largest gasfield despit link earth tremor
148, lay wager rise ether price becom one crowd trade crypto histori europ help ukrain end russia energi stranglehold
156, sean foo k subscrib massiv escal econom apocalyps wont end russia ukrain econom econom meltdown bearmarket marketcollaps inflat recess stagflat usa europ eu uk disast deindistrialis
172, russia war ukrain
174, repjeffri progress war ga heat price ca suddenli tripl alreadi suddenli doubl pay x higher ga rate nov bc us sell ga europ bc forc cut ga w russia plu biden destroy energi self suffici
240, coal still power china led batteri grade project amid renew plan russia war ukrain could forc rethink plan end product europ largest gasfield despit link earth tremor
248, mani investor portfolio one way bet euphoria across asset class europ plan risk russia cut ga suppli year
268, defens move win back young custom despit default risk increas regul europ help ukrain end russia energi stranglehold
272, russia putin war aim unchang lack manpow moral pentagon
278, arm forc ukrain start master patriot system alreadi month pentagon train ukrainian militari begin end januari last sever month
285, euromaidanpress hate think despit rhetor western uniti ukrain fear nato aim continu war russia ukrain near econom death rather enabl ukrain defeat putin establish strong posit eastern europ
292, thought last war europ within old yugoslavia ukrain russia war yugoslavia report everywher could watch see truli happen even un dont see anyth like ukrain
307, blockdog war mapper lol like nazi liber europ russia brain wash propaganda decad seem like watch propaganda
314, aleksdjuric nenadicvesna nato kfor usembpristina usembassyserbia statedept sound like cia lure two albanian thu draw serbia war nato forc thu draw russia war directli time openli thu pretext ww war europ third time big buck american industri complex
317, paintbrush hand russian muralist wage war year old artist defi moscow crackdown dissent want countri acknowledg misde past present
322, blackintheempir hurri anoth pointless unend war get putin want demilitar ukrain month sinc russia demilitar europ meanwhil joebiden destroy europ britain help
340, matter wagner group co found yevgeni prigozhin close friend putin gru think russia cia work hand hand wagner oper ukrain much like blackwat de facto russian militari
343, dictat trudeau sit crowd goe crazi canada trudeau ottawa brussel europ russia
358, next hitler use humili treati versail end ww establish nazi parti control germani attempt third reich captur europ interest allianc russia broke invad russia
363, russia postal servic deliv humanitarian aid russian civilian volunt organ resid energodar home europ largest nuclear power plant use belong ukrain
382, mcfaul clearli us want conflict spiral control spread europ everi european war bring fortun us money power unfortun risk eventu russia retali nuke world basic end
403, alex oloyed would best german peopl russia end occup brd send forc home done long time ago deliv weapon fascist ua fascist denazif deweaponis done europ
404, us grappl inflat europ struggl variou issu rippl effect ongo russia ukrainian war includ unpreced energi crisi n
