,id,0,Sentiments
0,1, uk stock trade app turn exist investor mn price tag compani slip tough environ europ help ukrain end russia energi stranglehold,negative
1,2, lukedcoffey want portray turkiy weaken balanc act happili left ukrain alon russia want destabilis region done middl east east europ area surround russia new middl east,positive
2,3, ukrain workshop quest build perfect grenad thoma gibbon neff natalia yermak via nyt,positive
3,4, bundeskanzl zelenskyyua long affili islam republ regim present europ canada send money iranian govern brutal iranian regim continu let rememb russia lost war russian oligarch kick europ,negative
4,5, putin wast leverag europ longer reli russia ga german minist say,neutral
5,6, russia war ukrain latest fight follow moscow truce,positive
6,7, eceodeatstzrqag prasadgc high speed rail connect india asia russia europ would advanc india incred,positive
7,8, choic utopian dystopian path like shape busi decad russia shut nord stream ga pipelin europ,neutral
8,9, joelbacca ask detail comparison condit settl spain brexit funni enough never saw one eu europ inde belaru russia uk one close associ want join,neutral
9,10, ukrain workshop quest build perfect grenad thoma gibbon neff natalia yermak via nyt new york time,positive
10,11, today orthodoxchristma day thought children youth women men ukrain russia beyond would like contribut safe way peac humanright democraci ruleoflaw may light peac dawn coe coe ngo germisch commissionerhr,positive
11,12, billionair north ventur deal privat equiti credit insur europ help ukrain end russia energi stranglehold,neutral
12,13, weapon better weapon better weapon brain gone sadhgurujv bjp india potu europarl en ukrain russia,positive
13,14, live updat russia war ukrain cnn,positive
14,15, plu renew scrutini crypto scam latest decentralis crypto blunder move come amid concern suppli russia europ could disrupt,positive
15,16, live updat russia war ukrain abram russian joebiden volodymyrzelenski russian ukrain,positive
16,17, ultim delus lol zero evid anywher russia want attack europ lol,positive
17,18, investor sentiment invas ukrain europ decis seek altern suppli shrink russia global power irrepar,neutral
18,19, analysi public messag show systemat misalign climat relat activ freeport termin close least three week europ seek cut depend russia,negative
19,20, wallstreetsilv never like europ us china russia extrem central govern evolv around person check balanc western govern may ideal way better,positive
20,21, yeon rhie long affili islam republ regim present europ canada send money iranian govern brutal execut iranian peopl continu let rememb russian oligarch kick europ russia lost war,negative
21,22, market question ft guid week ahead russia cut ga deliveri europ via nord stream,neutral
22,23, good overview articl unfortun titl ukrain use new weapon tri push russian troop territori take fight russia defend countri illeg occupi,positive
23,24, minor sharehold push seat courthous tabl insist furiou ralli sign group true valu iea chief accus russia worsen europ ga crisi,positive
24,25, ten financi group face potenti pension fund divest claim us oil produc state critic follow news edf plant closur risk russia halt ga shipment europ,neutral
25,26, andi vermaut share live updat russia war ukrain cnn live updat russia war ukrain cnn thank andyvermautsharesthisnewswithloveandhop theworldcanbecomeabetterplacesomedaysometim weneedmoreloveforworldpeacenowandalway,positive
26,27, rob kimbel umm turkey russia realli break gdp europ asia,neutral
27,28, live updat russia war ukrain cnn,positive
28,29, alarm high ga price could persist possibl russia cut ga suppli europ britain might immun shortag amid rise competit fuel,positive
29,30, innov field,neutral
30,31, moscow russia western border countri specif eastern border cling europ like parasit icymi polit fyi lifehack trivia fuckputin,neutral
31,32, andrei martyanov long take europ recov russia via youtub europ recov,negative
32,33, zb crushunyoo wickedon naija pr know much want make religi war obvious shove conspiraci theori ass even claim religi element reason war stop spit crap,negative
33,34, n roettgen long affili islam republ regim present europ canada send money iranian govern brutal repress iranian peopl continu let rememb russian oligarch kick europ russia lost war,negative
34,35, custom data suggest demand beij new delhi larg offset loss sale europ exxonmobil exit russia oper condemn ukrain invas,positive
35,36, drjwood tedcruz kevinomccarthi ukrain alli prevent russia tri take europ good mccarthi,positive
36,37, schwedt resid fear nightmar scenario refineri main sourc job heat forc close europ plan risk russia cut ga suppli year,positive
37,38, zelenski say russia want use ceasefir cover halt ukrainian advanc via franc,neutral
38,39, ukrain say fight continu friday despit russian ceasefir,neutral
39,40, russia cant win self evid stupid war work happen next almost imposs write lawdavf,positive
40,41, dominicraab dilanyesilgoz intlcrimcourt russia ukrain two corrupt countri europ dont care focu shit state countri sort nh fund arm forc stop fight age illeg immigr come mass,negative
41,42, call end russian empir ukrain parliament quot nazi collabor,neutral
42,43, australian energi produc say ukrain war europ crunch shift global suppli chain govern advis say europ largest economi face big hit berlin accept russia ga ban,neutral
43,44, watchdog take action privat equiti group disclosur bn share sale execut freeport termin close least three week europ seek cut depend russia,negative
44,45, ukrain say fight continu friday despit russian ceasefir news,neutral
45,46, apocalyps fiction subtitl select languag auto translat spain poland europ russia denmark franc sweden greec switzerland norway austria germani finland newzealand luxembourg itali argentina portug bulgaria slovakia,neutral
46,47, billion restor ukrainian telecommun sector pre war level telecom ukrain,neutral
47,48, new eav suddenli himar rocket satellit guid precis weapon unit state suppli ukrain hit school almost complet destroy ignit cach ammunit kill hundr russian,negative
48,49, economi chang year sinc taliban retook control europ help ukrain end russia energi stranglehold,neutral
49,50, meet war crime conven uk justic minist around world meet london march discuss best support investig war crime aris russia invas ukrain,positive
50,51, namjimjaew krishgm except realli longer check ilga europ rank uk top chart drop th place st place tran peopl russia nd hate crime increas everi year,negative
51,52, technolog knowhow combat climat chang need galvanis action use russia cut ga suppli europ britain might immun shortag amid rise competit fuel,positive
52,53, custom data suggest demand beij new delhi larg offset loss sale europ financi sanction russia made potash suppli harder obtain,positive
53,54, three popular etp investor x leverag invers oversea vehicl russia indefinit suspend nord stream pipelin europ,positive
54,55, ukrain workshop quest build perfect grenad,positive
55,56, sebastiankurz woodpeck want sen messag like clown vienna messag orthodox world belong russia happen austrian clown want luck usa estern europ otherwis would sell us ru,negative
56,57, fuel return level reach shale drill boom lng export head europ russia invas ukrain forc rethink geopolit tension asia,neutral
57,58, zukosmama exactli feminist,neutral
58,59, plu renew scrutini crypto scam latest decentralis crypto blunder europ plan risk russia cut ga suppli year,positive
59,60, jovanc tim lmerfvdd justifi codifi russia imperi past cours exactli putin want,negative
60,61, think london carlbildt umm info us biggest alli busi etc kinda like say russia bomb london like hitler done ww yeah support ukrain us help keep russia europ thank,neutral
61,62, strong inflow help asset rise even activ mutual fund hold plung russia war ukrain could forc rethink plan end product europ largest gasfield despit link earth tremor,positive
62,63, ukrain workshop quest build perfect grenad breakingnew,positive
63,64, luxuri fashion hous want broaden investor base critic follow news edf plant closur risk russia halt ga shipment europ,negative
64,65, ad johnhawkinsrwn zelenskyyua goplead russia never attack european countri even russia take power kiev ukrainian beggar ask money usa eu show fake threat could come russia whole europ,negative
65,66, asham innoc ppl die embassil putin pay back b h,neutral
66,67, ukrain workshop quest build perfect grenad,positive
67,68, us interest rate rise set continu investor may sit hand russia war ukrain could forc rethink plan end product europ largest gasfield despit link earth tremor,neutral
68,69, feedback us regul propos includ concern compani forc activ passiv europ plan risk russia cut ga suppli year,neutral
69,70, ftc alleg detail million devic could use track user sensit place abort clinic move come amid concern suppli russia europ could disrupt,neutral
70,71, ukrain workshop quest build perfect grenad,positive
71,72, russia war ukrain latest putin prais russian orthodox church support,positive
72,73, russian state group kept suffici deliveri europ ensur bumper profit year ukrain richest oligarch launch lawsuit russia,neutral
73,74, analyst say reopen countri tourism could herald shift currenc flow freeport termin close least three week europ seek cut depend russia,negative
74,75, russian instal governor crimean citi sevastopol say air defenc shot drone suggest attempt ukrainian attack port russia black sea fleet base follow live coverag,negative
75,76, blice tendar time train also ye technolog matter time soviet tank especi battl nato tank leopard outclass high margin leav countri without tank threat europ russia,positive
76,77, saudi energi minist pressur keep price near barrel despit global inflat critic follow news edf plant closur risk russia halt ga shipment europ,positive
77,78, euro atlant indo pac mutual exclus theatr compet china africa high north counter russia indian ocean def polici europ nato first tilt strateg talk parti polit detract,positive
78,79, luxuri fashion hous want broaden investor base russia shut nord stream ga pipelin europ,negative
79,80, uk base group say restructur nearli bn debt leas burden dilut equiti interest freeport termin close least three week europ seek cut depend russia,negative
80,81, uxori cosin n batrow blackintheempir hate someon write whole paragraph nonsens europ found altern sourc unless u cite russia isnt recess europ send want practic demilitar global south stand,negative
81,82, ukrain workshop quest build perfect grenad,positive
82,83, big data say mmiw scam ukrain workshop quest build perfect grenad thoma gibbon neff natalia yermak mmiw landback icwa ukrainian unit tinker tape scale printer item,positive
83,84, sleep wood hug tree experienti learn aim help staff identifi compani valu critic follow news edf plant closur risk russia halt ga shipment europ,neutral
84,85, plu new take anti esg invest movement europ depend russia may open way transatlant deal energi climat polici,positive
85,86, novic investor better serv passiv fund say blue whale co founder freeport termin close least three week europ seek cut depend russia,positive
86,87, andrei martyanov long take europ recov russia abl keep valu z russia ukrain russian donetsk putin zelenski zelenskyy bandera stepanbandera usa moscow geopolit exception hegemoni soledar,negative
87,88, year ago januari manifesto sign expuls napoleon troop russia emperor alexand state unit europ fought russia particular cruelti furi ukrainewar nato natowar russia victoryday,positive
88,89, ukrain workshop quest build perfect grenad,positive
89,90, justinwelbi orthodox celebr januari russia jerusalem serbia georgia orthodox church celebr decemb church ukrain think move new calendar orthodox christma,negative
90,91, mfa russia mfa ukrain defenceu mission russian russiaun mission rf rusembusa russianembassi rusmiss eu russianembassyc rusembau predict,neutral
91,92, new peak output come amid squeez ga hydropow nuclear suppli critic follow news edf plant closur risk russia halt ga shipment europ,positive
92,93, custom data suggest demand beij new delhi larg offset loss sale europ shell join bp equinor pullback russia,positive
93,94, bundeskanzl zelenskyyua dont allow trick like usa tito pleas make europ stronger get rid last cancer europ serbia allow russia heart europ russia brought serbia hide pleas need open eye late,negative
94,95, gramerci vanguard think critic follow news edf plant closur risk russia halt ga shipment europ,neutral
95,96, abelscott say russia good said europ drag problem solv,positive
96,97, fund provid face polit battl tighten regulatori environ could prove oner russia shut nord stream ga pipelin europ,neutral
97,98, german sport car brand seek luxuri valuat long await float russia cut ga deliveri europ via nord stream,negative
98,99, coppednew ukrain say fight continu friday despit russian ceasefir,neutral
99,100, plbuckland busi yet alreadi cheaper unreli french nuclear power along depend fossil fuel russia caus energi crisi europ,neutral
100,101, vasilyzaitsevru ukrain map best train armi europ one worst russia destroy ukrain noth even russia abl win someth would centuri fight resist imperi lesson learn,positive
101,102, ukrain workshop quest build perfect grenad andyvermautfrombelgiumlovesnewyorktim,positive
102,103, ukrain workshop quest build perfect grenad,positive
103,104, countri point hypocrisi west point hundr million african still lack access basic electr russia war ukrain upend breadbasket europ,neutral
104,105, nasdaq index rack longest lose streak sinc job report fail dent feder reserv expect australia top lng group say unabl plug gap russia cut europ,neutral
105,106, move defi call western govern battl curb inflat amid energi crisi russia war ukrain could forc rethink plan end product europ largest gasfield despit link earth tremor,neutral
106,107, ukrain workshop quest build perfect grenad thoma gibbon neff natalia yermak via nyt new york time,positive
107,108, russian way,neutral
108,109, ukrain say fight continu friday despit russian ceasefir,neutral
109,110, maga vice bad etf would impact esg fund name rule chang adopt german told conserv energi russia cut ga flow europ,negative
110,111, repurchas superb disciplin corpor financ encourag german told conserv energi russia cut ga flow europ,positive
111,112, ukrain workshop quest build perfect grenad,positive
112,113, igorsushko rest eastern europ need separ russia usa hollywood help imag propagandist level otherwis label put russian continu put rest us especi ukrainian,neutral
113,114, sound like put ceas fire keep fire missl,positive
114,115, nyt ukrain workshop quest build perfect grenad,positive
115,116, regul say measur requir reduc consum harm russia cut ga suppli europ britain might immun shortag amid rise competit fuel,neutral
116,117, wake ukrainian use one give better life europ america need ukrain battlefield weaken russia understand messag void still sourc slavyangrad,positive
117,118, euromaidanpress europ alreadi war russia full scale war soon,positive
118,119, phagafaga eastern europ countri like belaru bulgaria estonia latvia russia ukrain experienc strong state atheism polici,positive
119,120, richardgarriott invers hyperson missil carrier sit duck,neutral
120,121, vamelina ukrain one less one get point pretti sure one say russia south america vodka balalaika dostoievski would pop german hate ww europ anymor time distanc play role good luck,positive
121,122, russian state group kept suffici deliveri europ ensur bumper profit year us european alli prepar aggress econom financi sanction russia,neutral
122,123, drhanspet lupuldac islamicworldupd han dr russia capac ambit ghengi khan accross europ way conflict escal nato nato whole exist depend creat new war get fund exapand latest expans russia doorstep dr,positive
123,124, ukrain workshop quest build perfect grenad thoma gibbon neff natalia yermak via nyt new york time,positive
124,125, pedophil new zealand jacindaardern nzparliament newzealand childtraffick pedo nzpol humanright news america australia ukrain russia germani europ usa child groomer crimesagainsthuman jacindaardern judgement,positive
125,126, us interest rate rise set continu investor may sit hand russia switch europ main ga pipelin sanction lift,positive
126,127, ukrain workshop quest build perfect grenad thoma gibbon neff natalia yermak via nyt new york time,positive
127,128, emerg energi packag fund borrow despit high inflat invas ukrain europ decis seek altern suppli shrink russia global power irrepar,positive
128,129, sterl face pressur market worri mount rise uk imbal europ battl secur steel follow russia invas ukrain,neutral
129,130, least us argu goldman sach russia cut ga deliveri europ via nord stream,negative
130,131, consolid offer benefit client partner employe say jay horgen freeport termin close least three week europ seek cut depend russia,negative
131,132, europa vil bli fattig og ga opplsn tehran unwil allow europ inv opp iran compar huge deal sgn w friendli nation china russia eu continu learn brutal lesson consequ vassal state us,negative
132,133, clean fuel investor favour biden plan unless brussel improv incent fortescu chief claim australia top lng group say unabl plug gap russia cut europ,positive
133,134, ukrain workshop quest build perfect grenad news,positive
134,135, ukrain workshop quest build perfect grenad thoma gibbon neff natalia yermak via nyt,positive
135,136, ukrain workshop quest build perfect grenad thoma gibbon neff natalia yermak via nyt new york time,positive
136,137, emerg propos come respons russia use energi weapon aim soften soar energi cost europ must end russian energi habit,neutral
137,138, cirnosad think tri attack even melitopol think tactic retreat like kherson even afu bring new reserv train europ think russia allow ukrain get close melitopol znpp time tell glad back,positive
138,139, doubt remain outlook ecommerc invas ukrain europ decis seek altern suppli shrink russia global power irrepar,neutral
139,140, dim kq differ west agre give modern tank ad plane ukrain ukrain neighbour must unit start produc weapon send ukrain endless war center europ russia get aggress,positive
140,141, prospect even stronger dollar mean investor let moment soon europ battl secur steel follow russia invas ukrain,negative
141,142, chenier lng turbin longer exempt regul airborn carcinogen russia shut nord stream ga pipelin europ,neutral
142,143, work imperfect emiss environment inform industri find solut russia war ukrain upend breadbasket europ,neutral
143,144, usambkyiv war weaken russia cost usa winner europ democraci nobodi talk negoti war good busi,positive
144,145, equiti valuat dont yet reflect damag ahead global growth slow us china europ asia russia ukrain war continu end game energi crisi global de dollar drive escal,negative
145,146, emerg propos come respons russia use energi weapon aim soften soar energi cost russia war ukrain could forc rethink plan end product europ largest gasfield despit link earth tremor,neutral
146,147, ethereum switch greener system seen crypto enthusiast long await chanc prove critic wrong freeport termin close least three week europ seek cut depend russia,negative
147,148, fuel return level reach shale drill boom lng export head europ plan come russia putin warn reduc suppli contin,neutral
148,149, lay wager rise ether price becom one crowd trade crypto histori europ help ukrain end russia energi stranglehold,neutral
149,150, ukrain say fight continu friday despit russian ceasefir,neutral
150,151, ukrain workshop quest build perfect grenad,positive
151,152, fab f russia go take entir ds world bank debt slave system control much europ chang awaken progress time turn fake news follow real inform spun establish lie msm fall intim,negative
152,153, ukrain say fight continu friday despit russian ceasefir,neutral
153,154, ukrain workshop quest build perfect grenad,positive
154,155, ro phillipspobrien realli thought war defenc ukrain even russia defeat remain signific power east europ dread think sort mean consequ could,negative
155,156, treasuri select committe rais issu financi regul data obtain ft cast fresh light intern struggl critic follow news edf plant closur risk russia halt ga shipment europ,positive
156,157, sean foo k subscrib massiv escal econom apocalyps wont end russia ukrain econom econom meltdown bearmarket marketcollaps inflat recess stagflat usa europ eu uk disast deindistrialis,neutral
157,158, fuel return level reach shale drill boom lng export head europ russia wane relianc london market reduc bite uk sanction,neutral
158,159, partner chri dixon hit domin compani ventur capit firm play promin role creat europ battl secur steel follow russia invas ukrain,negative
159,160, sec investig spark question bank monitor commun era disappear messag russia indefinit suspend nord stream pipelin europ,negative
160,161, gsoctak everi coutri germani russia nothern europ white snow,neutral
161,162, maileprmedia jackalski elonmusk richardgarriott option ukrain surrend becom vassal state russia move subjug former soviet state big enough attack europ unit state,neutral
162,163, blacklist compani valu driven invest appear larg symbol australia top lng group say unabl plug gap russia cut europ,positive
163,164, ask eastern europ like russia ukrain etc celebr christma th januari western europ celebr th decemb una jesu realli born th decemb eastern europ christian celebr differ date dadanwammiri,neutral
164,165, russian state group kept suffici deliveri europ ensur bumper profit year mongolia say russia china ga pipelin break ground,neutral
165,166, ukrainen clashreport american want russia ukrain war continu let sell weapon make europ american coloni care peac,neutral
166,167, newvoiceukrain peopl europ us countri us want see paveway want ukrain achiev freedom liberti get free russia tight stranglehold also see danger world putin win war,positive
167,168, ukrain workshop quest build perfect grenad thoma gibbon neff natalia yermak nyt world,positive
168,169, russian state group kept suffici deliveri europ ensur bumper profit year move come amid concern suppli russia europ could disrupt,neutral
169,170, russia show mani way back militari might fool would ignor russian advanc us wast billion dollar europ wast billion euro without success made differ ukrain,positive
170,171, joint ventur tianqi igo step product batteri grade fuel electr vehicl market russia ga squeez moment truth europ,neutral
171,172, putin wast leverag europ longer reli russia ga german minist say via yahoo,neutral
172,173, russia war ukrain,neutral
173,174, work imperfect emiss environment inform industri find solut europ battl secur steel follow russia invas ukrain,neutral
174,175, repjeffri progress war ga heat price ca suddenli tripl alreadi suddenli doubl pay x higher ga rate nov bc us sell ga europ bc forc cut ga w russia plu biden destroy energi self suffici,positive
175,176, defenseandmilitaryforc russianinvasionofukrain ukrain workshop quest build perfect grenad new york time,positive
176,177, ukrain workshop quest build perfect grenad thoma gibbon neff natalia yermak via nyt new york time,positive
177,178, ukrain workshop quest build perfect grenad thoma gibbon neff natalia yermak via nyt new york time,positive
178,179, custom data suggest demand beij new delhi larg offset loss sale europ bank seek clariti avoid complianc eu sanction russia,positive
179,180, fuel return level reach shale drill boom lng export head europ shell start talk nightmar russia exit,neutral
180,181, cnn putin avoid russia blame game ukrain attack via googlenew,negative
181,182, long await un telecom report show russia destroy seiz network ukrain switch dial code itu,negative
182,183, ukrain workshop quest build perfect grenad thoma gibbon neff natalia yermak via nyt new york time,positive
183,184, winterread recommend egmontinstitut staff bernardsiman lough john germani russia problem struggl balanc europ manchest univers press,neutral
184,185, defenceu stuck saint petersburg saw time chang murder democraci minist russia scream vain rode tank gener rank ukrainian invas rage russian bodi stank,negative
185,186, n roettgen regim send drone russia kill ukrainian kid kill peopl kill syrian peopl caus huge migrat europ tri blockad hormoz strait caus oil price increas tri make terrorist act europ albani an mani thing,positive
186,187, nytim good russia come futher east europ come state,positive
187,188, joint ventur tianqi igo step product batteri grade fuel electr vehicl market critic follow news edf plant closur risk russia halt ga shipment europ,neutral
188,189, richard buxton pessimist tumbl pound renaiss fossil fuel revers sell trend invas ukrain europ decis seek altern suppli shrink russia global power irrepar,neutral
189,190, american market price cheap global standard tripl level past decad europ depend russia may open way transatlant deal energi climat polici,positive
190,191, treasuri yield rise currenc weaken dollar russia resum partial ga flow europ nord stream,negative
191,192, steve hank russia news agenc announc want take eastern europ ok moscow stock see opportun eastern europ taken fascist putin war crimin shame,positive
192,193, plu california power grid face biggest test yet russia resum partial ga flow europ nord stream,negative
193,194, putin avoid russia blame game ukrain attack,negative
194,195, fear iranian suppli weaken economi prompt rethink riyadh invas ukrain europ decis seek altern suppli shrink russia global power irrepar,neutral
195,196, ksorb rememb time gave america europ russia gain independ weapon nuclear missil exchang secur territori ukrain russian fight life deserv,neutral
196,197, putin avoid russia blame game ukrain attack,negative
197,198, america jule zelenskyyua ukrain protect american european countri israel counter iran middl east taiwan counter china asia differ ukrain counter russia europ,neutral
198,199, ukrain workshop quest build perfect grenad thoma gibbon neff natalia yermak via nyt new york time,positive
199,200, ukrain workshop quest build perfect grenad,positive
200,201, moravec toma louforfreedoml tonybaduy nicoleg scottstock ryanbe doom volpiranya jimeeliberti ogilvil pouldeau andrewlazaru skepticalmut burgerlab jkelleyk pawley robert consequentialbr provaxtexan tomsirolimu tarsin idunsdaught zeetubesii nopoisonjab aspalaasnasntyr incitatusalpha kevinault mcfunni maureenstroud richykirsh nuhop scari dr thskicksarefir johannaszabo nicki ladi reacharoundu monstercoyliar doritmi kberkop wendyor joli ann angryflea jarbot barryjohnreid shadowdroid krebiozen thedrjon jtmay swedishchf mattgaetz putin us agent tri destroy russia haha crap job perhap phrase putin enabl us destroy europ economi enrich corrupt globalist elit allow bric expand power,negative
201,202, ukrain workshop quest build perfect grenad thoma gibbon neff natalia yermak via nyt new york time,positive
202,203, ukrain say fight continu friday despit russian ceasefir,neutral
203,204, high temperatur expect europ today dwd icon weather data contain valu select citi today c predict moscow russia graphic,positive
204,205, jdport great set question last one unlock key issu circumst prospect worst g europ exceededin term neg think russia sunak shouldnt allow hide behind global line,negative
205,206, battl corpor environment social polici us heat russia indefinit suspend nord stream pipelin europ,positive
206,207, putin tri blackmail europ fail via youtub lol lol lol victori ukrain nato bravo bravo bravo bravo bravo bravo bravo bravo bravo glori ukrain russia lost lost lost,positive
207,208, ukrain workshop quest build perfect grenad thoma gibbon neff natalia yermak via nyt new york time,positive
208,209, ukrain workshop quest build perfect grenad thoma gibbon neff natalia yermak via nyt new york time,positive
209,210, jeremyspeci ye way destroy russia cost ukrain europ american tax payer,negative
210,211, repurchas superb disciplin corpor financ encourag invas ukrain europ decis seek altern suppli shrink russia global power irrepar,positive
211,212, ukrain say fight continu friday despit russian ceasefir,neutral
212,213, scotnat thousand children russia militari rescu thst shit hole ukrain europ russia usa one found aliv hundr traffick site kill taper murder children decad centuri,negative
213,214, mountainhigh alexg hungarybas russia interest europey lot realli believ want invad,neutral
214,215, ukrain workshop quest build perfect grenad thoma gibbon neff natalia yermak via nyt new york time,positive
215,216, russian leader say term agreement reach juli caus global shortag critic follow news edf plant closur risk russia halt ga shipment europ,neutral
216,217, work imperfect emiss environment inform industri find solut invas ukrain europ decis seek altern suppli shrink russia global power irrepar,neutral
217,218, price cap herald rise bill winter there time wast freeport termin close least three week europ seek cut depend russia,negative
218,219, norway announc k artilleri shell everi month cia suppli k everi week without us support ukrain exist anymor europ would fatal danger former soviet state know stake boycottbollywood nato russia ukrainewar,neutral
219,220, ukrain workshop quest build perfect grenad,positive
220,221, plu california power grid face biggest test yet russia cut ga deliveri europ via nord stream,neutral
221,222, jacvriesb julianroepck putin tri take us knee europ throat world need thank russian soldier risk live us let ukrain europ russia kill us enter end hero like ww us aid ukrain russia fight,positive
222,223, russia unbow sanction russian presid say kaliningrad ga renew boss wael sawan among candid head europ biggest oil ga compani,positive
223,224, ukrain workshop quest build perfect grenad,positive
224,225, ukrain workshop quest build perfect grenad thoma gibbon neff natalia yermak via nyt new york time,positive
225,226, catturd russia actual invad ukrain would blast rubbl within day russia take entir ds cabal corrupt establish control europ liber go russia,negative
226,227, fuel return level reach shale drill boom lng export head europ esg investor respond russia invas ukrain,neutral
227,228, germanyinusa abaerbock europ want peac give secur guarante russia agre demimilitaris ukrain neutral statu nato must stop eastward expans threat intern peac secur result mess,negative
228,229, ukrainian attack drone shot sevastopol say russia instal offici,neutral
229,230, zelenskyyua potu defeat russia win last peac europ come ukrain,positive
230,231, leak reveal roman abramovich billion dollar trust transfer russia sanction ukrain,neutral
231,232, nichola apmassaro that one countri could miss europ serbia sewer russia,neutral
232,233, nazi must protect europ commun invad everi non communist countri europ russia must protect europ globohomo invad least globohomo countri europ,negative
233,234, situat cathol church russia silenc bishop dioces odesa simferopol bishop stanislav shirokoradiuk gave interview ukrainian news europ world asia bishop bishopstanislavsh,neutral
234,235, ukrain workshop quest build perfect grenad thoma gibbon neff natalia yermak via nyt new york time,positive
235,236, radovi u toku warmonitor european contradict russian aggressor part europ hundr year never took account invad slav orthodox russia ultim evil eastern europ year,negative
236,237, ukrain workshop quest build perfect grenad thoma gibbon neff natalia yermak via nyt new york time,positive
237,238, whistleblow tell us lawmak twitter put profit secur critic follow news edf plant closur risk russia halt ga shipment europ,neutral
238,239, choic utopian dystopian path like shape busi decad russia cut ga suppli europ britain might immun shortag amid rise competit fuel,neutral
239,240, fab f peopl fight ds cabal money launder system bio weapon lab human traffick russia roll entir ds control europ liber go russia,neutral
240,241, coal still power china led batteri grade project amid renew plan russia war ukrain could forc rethink plan end product europ largest gasfield despit link earth tremor,neutral
241,242, bearimi zelenskyyua goplead keep paycheck flow usarm ammo manufactur us worker major militari equip buy us corp fight russia aleutian island etc save europ russian takeov etc,positive
242,243, repgregmurphi speakermccarthi america ireland europ russia matter full poo,positive
243,244, serbian presid reject call sanction russia,neutral
244,245, defenceu g putin tri take us knee europ throat world need thank russian soldier risk live us let ukrain europ russia kill us enter end hero like ww us aid ukrain russia fight,positive
245,246, asset manag idiosyncrat cultur decad success risk left behind rival govern advis say europ largest economi face big hit berlin accept russia ga ban,negative
246,247, situat cathol church russia silenc bishop dioces odesa simferopol bishop stanislav shirokoradiuk gave interview ukrainian news europ world asia bishop bishopstanislavsh,neutral
247,248, russia forc begin temporari ceasefir ukrain reject truce,neutral
248,249, mani investor portfolio one way bet euphoria across asset class europ plan risk russia cut ga suppli year,neutral
249,250, rydeimag video microencod appl unitedst japan australia mexico russia canada israel china taiwan ukrain switzerland northkorea soutkorea saudiarabia europ india click video altern interv frequenc channel,neutral
250,251, shami european power go relentlessli went napolean hitler though later nuke creat deter henc europ tri make russia bleed militarili occupi ukrain financi russia seem alli economi,neutral
251,252, decis follow sharp rise food price due russia invas ukrain covid pandem russia war ukrain upend breadbasket europ,negative
252,253, qxx ye nau russian fierc natur kind person first place way ryan easi access sneak border sef easi jack person interest whole europ greer use tunnel enter russia omo,positive
253,254, hsbc expect valu averag british home drop central london fall iea chief accus russia worsen europ ga crisi,neutral
254,255, putin avoid russia blame game ukrain attack,negative
255,256, cinc afu thejointstaff defeat russia win last peac europ come ukrain,positive
256,257, industri warn soar cost heat greenhous energi intens process lead shortag russia cut ga deliveri europ via nord stream,neutral
257,258, weak pound indic market see uk prospect invas ukrain europ decis seek altern suppli shrink russia global power irrepar,negative
258,259, cnn putin avoid russia blame game ukrain attack via googlenew,negative
259,260, system peg electr price ga fit purpos freeport termin close least three week europ seek cut depend russia,positive
260,261, world forecast us sort mess year emerg stronger crisi europ fuck eastern europ less pain west russia breakup australia stay corner chill rest world realli count,negative
261,262, analyst caution price remain elev volatil go winter freeport termin close least three week europ seek cut depend russia,negative
262,263, brussel see climat chang existenti threat joe biden want prioritis job europ battl secur steel follow russia invas ukrain,neutral
263,264, andriyyermak speakermccarthi defeat russia win last peac europ come ukrain,positive
264,265, custom data suggest demand beij new delhi larg offset loss sale europ russia resum partial ga flow europ nord stream,positive
265,266, putin avoid russia blame game ukrain attack,negative
266,267, fund manag assess compani esg credenti fli blind critic follow news edf plant closur risk russia halt ga shipment europ,negative
267,268, bunti hungarybas sound like problem russia though least everyon learn histori europ,positive
268,269, defens move win back young custom despit default risk increas regul europ help ukrain end russia energi stranglehold,positive
269,270, intern commun must realiz russia peac maker prolong conflict south caucasu reliabl actor anymor,neutral
270,271, andrei martyanov long take europ recov russia via youtub,negative
271,272, russia use social media creat divers europ facebook routin ban block advoc ukrain write robert van voren professor vytauta magnu univers vdu kauna,positive
272,273, russia putin war aim unchang lack manpow moral pentagon,neutral
273,274, cautious upbeat look ukrain economi prospect year gdp fall para hundr plant evacu russian occupi zone summer look weird,negative
274,275, hungarybas ye everi civilis nation get lot involv hungari pay highest price europ ga feel satellit state russia,neutral
275,276, bundeskanzl zelenskyyua let get leopard road ukrain europ need peac way get russia behind border,negative
276,277, russia look erad nazism least anti semit countri eastern europ sound right,positive
277,278, freespeechatla zelenskyyua goplead whine fight russia u shld glad ukrain armi die money cheaper better give open door europ us make u happi,positive
278,279, arm forc ukrain start master patriot system alreadi month pentagon train ukrainian militari begin end januari last sever month,neutral
279,280, republ relat rip mean russia ukrain syria europ world war trump usa insult black race state muslim stone pelt armi recruit state revolt iran girl insult mob rescu prevent eu putin disagre energi agre,negative
280,281, abelscott never said support russia clearli said europ problem deal,neutral
281,282, deepli sad soldier famili monster,negative
282,283, quot ukrainian ultra nationalist nazi stepan bandera ukrainian parliament monday declar complet supremo victori ukrainian nation russian empir ceas exist,neutral
283,284, new armor vehicl help ukrain take fight russia,positive
284,285, russia size power geograph proxim baltic nordic state mean never dismiss domin potenti aggress actor region,negative
285,286, euromaidanpress hate think despit rhetor western uniti ukrain fear nato aim continu war russia ukrain near econom death rather enabl ukrain defeat putin establish strong posit eastern europ,negative
286,287, christogrozev interest flag choic consid russia like manufactur immigr crise europ,neutral
287,288, freedomoj maxseddon anoth putin lie pr stunt russia continu artilleri bombard,neutral
288,289, ukrain say fight continu friday despit russian ceasefir,neutral
289,290, loveukrain opium smoker newvoiceukrain ye that geopolit us tell uk europ putin ukrain fair work like intern affair rememb also west prevent russia join eu nato viceversa,positive
290,291, putin avoid russia blame game ukrain attack,negative
291,292, cours russiaisaterroristst attack continu ukrain despit russia suppos ceas fire,neutral
292,293, thought last war europ within old yugoslavia ukrain russia war yugoslavia report everywher could watch see truli happen even un dont see anyth like ukrain,positive
293,294, contin europ economi unit kingdom russia turkey switzerland norway outsid eu eu europ ever,neutral
294,295, putin avoid russia blame game afterukrain attack,negative
295,296, coulljordan mkaic johnhawkinsrwn zelenskyyua goplead guarantor ukrain border via variou treati also us interest stabl europ without malevol aggress russia caus war destruct,neutral
296,297, ukrain need least billion restor telecommun sector pre war level un agenc said report publish friday alleg russia destroy complet seiz network part countri,negative
297,298, europ turn lng instead russia ga impact climat,neutral
298,299, sinc russia invas ukrain competit lng becom intens europ need vast amount help replac russian pipelin ga use make almost contin import read energynewsmonitor,neutral
299,300, anonym claim serbia putin puppet russia look expand war europ distract west foxnew,neutral
300,301, rishibagre india purchhas crude russia cheapli give indian compani case peopl would get petrol rs cheaper govern give russian crude exclus ambani refineri ambani export russian crude ambani refineri europ hugeprofit,negative
301,302, thief night apocalyps distant thunder thief night part portug switzerland norway germani uk itali luxembourg ue greec czech argentina finland russia denmark poland europ bulgaria slovakia spain austria sweden franc,negative
302,303, kherson morn artilleri fight resum resid attend orthodox christma mass basement cathedr polic offic control entranc church ukrain europ russianwarcrim russia war,negative
303,304, putin avoid russia blame game ukrain attack,negative
304,305, cnn putin avoid russia blame game ukrain attack usa bigger humili lebanon marin kill truck bomb attack sleep quarter usa assist ukrainian via googlenew,negative
305,306, unilater ceas fire attempt russia buy time eu foreign polici chief,negative
306,307, crypto dutchi kyivindepend russia economi alreadi fall littl debt found opportun sell oil natur ga compani outsid europ europ actual kept buy last year europ purchas go basic zero demand,neutral
307,308, blockdog war mapper lol like nazi liber europ russia brain wash propaganda decad seem like watch propaganda,positive
308,309, new tether type uav test complex manufactur trial oper smo zone russia ukrain russian russianukrainianwar russian israel kherson donetsk donba europ odessa bakhmut russianukrainianwar russian russianarmi,negative
309,310, ssgtkotyk calipso secur europ whole stake war worth everi cent ukrain must win russia attack european countri time europ step well leopard,positive
310,311, palaskl nexta tv germani piss central eastern europ regard russia poland piss german cleareanc anyway poland acquir new tank licens south korea new tank us,positive
311,312, devilsbal exactli everywher europ everywher world czechia peopl persecut doctor pandem root russia,neutral
312,313, kanthan miss part invad sovereign territori also miss fact degener lie terrorist mafia construct respect human life ethic moral russia risk europ asia middl east,neutral
313,314, okosisi na omor homeless help ukrain us stop larger war happen europ stop russia make soviet union stop russia invad countri save million civilian wouldv die russia,neutral
314,315, aleksdjuric nenadicvesna nato kfor usembpristina usembassyserbia statedept sound like cia lure two albanian thu draw serbia war nato forc thu draw russia war directli time openli thu pretext ww war europ third time big buck american industri complex,positive
315,316, campbellclaret hungari block approv new eu packag financi aid ukrain worth billion kyiv author urgent need cover balloon state deficit keep economi run backdrop russia invas,positive
316,317, brittle zelenskyyua goplead american tri stabilis keep market alli russia destabilis europ kiss big chunk america export foreign invest goodby,negative
317,318, paintbrush hand russian muralist wage war year old artist defi moscow crackdown dissent want countri acknowledg misde past present,negative
318,319, prosecutor depart alreadi open case conflict relat sexual violenc real number much much,positive
319,320, insan ukrain ukrain must seiz europ biggest nuclear power plant back russia forc effort establish secur zone around evapor kyiv top nuclear offici say via bpolit,positive
320,321, flash news ua realli brainer europ biggest threat russia russia war countri proven fight nato european equip noth store mainten drama queen current job program,neutral
321,322, us start train ukrainian patriot missil system later month train take sever month,neutral
322,323, blackintheempir hurri anoth pointless unend war get putin want demilitar ukrain month sinc russia demilitar europ meanwhil joebiden destroy europ britain help,negative
323,324, russia instal offici say drone shot crimea sevastopol,neutral
324,325, south africa increas coal export europ replac miss volum russia,neutral
325,326, russia instal offici say drone shot crimea sevastopol,neutral
326,327, belaru invad ukrain would ad belaruss mistak miseri would better join europ belaru tractor sell russia buy china stabl societi follow peac,positive
327,328, andrei martyanov long take europ recov russia via youtub,negative
328,329, russia instal offici say drone shot crimea sevastopol reuter,neutral
329,330, putin avoid russia blame game ukrain attack,negative
330,331, nice css,positive
331,332, explainedclim europ turn lng instead russia ga impact climat,neutral
332,333, naomikimallen eight million fled europ alon talk israel canada russia million count new republ,positive
333,334, wagner group pure mercenari group russia like black water mozart etc america subscrib nazi ideolog ever brussel europ bakhmut kyiv russia,positive
334,335, us uk eu continu support ukrain fight russia say zelenskyy russia us volodymyrzelenskyy,neutral
335,336, putin avoid russia blame game ukrain attack cnn,negative
336,337, hayekandmil thank agre china real threat expansionist move cant taken lightli feel case proxi war sanction suit certain american interest far well weaken russia europ sell ga weapon maidan coup us back,positive
337,338, putin avoid russia blame game ukrain attack,negative
338,339, ukrainian artilleri crew fight bakhmut engag drone radio free europ radio liberti,positive
339,340, ukrainian artilleri crew fight bakhmut engag drone radio free europ radio liberti,positive
340,341, matter wagner group co found yevgeni prigozhin close friend putin gru think russia cia work hand hand wagner oper ukrain much like blackwat de facto russian militari,positive
341,342, jimshor euromov european union prohibit russian crude oil import sea set bloc phase oil import russia huge move given europ receiv roughli third oil import russia,negative
342,343, putin avoid russia blame game ukrain attack,negative
343,344, dictat trudeau sit crowd goe crazi canada trudeau ottawa brussel europ russia,neutral
344,345, miki bg mak nafo fella littl problem stori elect russian lover govern free chose russia europ live consequ decis know action reaction,positive
345,346, taranq julianroepck everyth maidan consid russian econom cultur polit occup exactli organ maidan want coloni russia want decid destini europ geograph,neutral
346,347, chrismamun visegrad ukrain loos us would much bigger problem china us would stand without support economi militari diplomat backup europ that china russia would like maga would love antiamerican,positive
347,348, hope u cut tie germani eastern europ russia germani eat bag bratwurst theyr pimp theyd fuck mind young peopl extort sex money,negative
348,349, ovaj ai nema pojma human tartaria usa ai evid suggest tartaria ever extend far unit state tartaria believ locat mainli russia belaru kaz area central asia eastern europ,positive
349,350, whether putin smbition go beyond ukrain clear neither suppli line stretch despit measur isol russia econom cut oil incom putin manag surviv till given histori europ rest till end,positive
350,351, putin avoid russia blame game ukrain attack,negative
351,352, common thread europ bandi togeth adam destroy invad putin western analyst alreadi talk post putin russia,negative
352,353, current track tanker carri russian fossil fuel bound europ tanker left russia last hour time europ said russian oil ga oilfuelswar fossilfreerevolut,neutral
353,354, putin avoid russia blame game ukrain attack,negative
354,355, russia instal offici say drone shot crimea reuter,neutral
355,356, averag number peopl arriv ireland ukrain per day drop almost two third xma period howev increas attack russia could see number rise,neutral
356,357, listen one ukrainian soldier said stand otherwis desert street bakhmut rattl small arm whistl artilleri mortar shudder explos continu assess ceas fire pr,negative
357,358, gerashchenko en think oil ga miner ukrain think much money russia need manipul central europ creat buffer zone poland slovakia czechia hungaria romania serbia bulgaria think annect lit est lot,positive
358,359, next hitler use humili treati versail end ww establish nazi parti control germani attempt third reich captur europ interest allianc russia broke invad russia,neutral
359,360, divinelawr macaesbruno inde imperi racism toward global south cancel imperi racism toward eastern europ let compens regular western neoconi let russia regularli invad neighbour,neutral
360,361, attack continu ukrain despit russia suppos ceas fire new york time,positive
361,362, threat european civil societi organ come repress govern like russia turkey also come elect govern state whose democraci appear better health like franc greec itali uk,positive
362,363, first case empor french napolean start conquest europ around manag win make alli europ till rhine treati russia earlier broke invad russia half million long grand arme,positive
363,364, russia postal servic deliv humanitarian aid russian civilian volunt organ resid energodar home europ largest nuclear power plant use belong ukrain,neutral
364,365, us ensur conflict carri till europ nato decim thereaft becom depend us russia inspit tri peac snowbal clown potu,neutral
365,366, koraykarahan hovmkh eskirahatsiz front ukrainian problem armenian reason turk given much alway chosen differ path franc europ russia one alway thank,positive
366,367, ireland ukrain whenev see someon live europ full access educ still support russia,positive
367,368, alx cold war continu wwii nato russia made deal deal russia mind busi nato encroach e europ buffer russia sinc nato usa countri countri move line toward russia ukrain last buffer wwiii,negative
368,369, interest check histori context russia ukrain war continent europ england later us extens european contin ww ww never spare person want conquer europ extens russia,neutral
369,370, russia instal offici say drone shot crimea reuter,neutral
370,371, waqa spaceghostmuga horseshit economi stand chanc outpac russia militarili kleptocrat moscow steal militari develop money russian buy fanci hous boat europ enemi much closer home geniu,positive
371,372, alexg hungarybas peac russia caus bigger problem europ later mark word,neutral
372,373, great read world split two major block west eurasia west combin america western europ fair weather alli eurasia combin china russia china major russia minor partner allianc,positive
373,374, comhbha principledprog molotov ribbentrop pact enabl nazi germani attack alli guarante hitler wont second front russia includ secret claus split europ russia nazi germani poland invad nazi week later russia week later,negative
374,375, ozwal definit robgeorg lrozen alway usa basic save europ right lng shipment get germani russia go full one year war rubbl decay china full covid asia function without proper usa protect explain point pleas,positive
375,376, putin avoid russia blame game ukrain attack,negative
376,377, opium smoker rdeckard newvoiceukrain doesnt mean war arent attack belaru russia alli us bomb iraq use logist europ give excus luhashenko involv also militari that point,negative
377,378, vtb bank sent appeal treasuri belgium ministri financ luxembourg obtain licens unlock foreign secur client incom vtbbank vtb belgium luxembourg sanction ukrainewar russia financ asset europ,negative
378,379, putin avoid russia blame game ukrain attack,negative
379,380, frequent abstain anti russia resolut un india continu meaning dialogu us europ care diplomat hedg india part help remain relev global crisi,positive
380,381, slavoj zizek intern director birkbeck institut human univers london denazif begin home russia radio free europ,positive
381,382, tippl oryxspioenkop jimbob warmonitor hour pass leopard alreadi game pointless obstinaci german germani foreign polici lead nowher concern concern central europ futur relat russia,negative
382,383, mcfaul clearli us want conflict spiral control spread europ everi european war bring fortun us money power unfortun risk eventu russia retali nuke world basic end,neutral
383,384, let never forget nato expans root caus tension eastern europ russia respond threat pose western militari organ nation secur one inch east promis mr gorbachev fool russ warrior,neutral
384,385, xxcoldsteelexx doeni zukosmama nazi liter everi millitari europ beyond well includ russia wagner group name hitler favorit compos neo nazi group rampant gang usual skinhead neonazi russia take ukrain make ukrain less nazi,negative
385,386, douglacaz alstonkurlelo zukosmama ukrain worst europ object democrat russia,negative
386,387, let never forget nato expans root caus tension eastern europ russia respond threat pose western militari organ nation secur one inch east promis mr gorbachev fool russ warrior,neutral
387,388, let never forget nato expans root caus tension eastern europ russia respond threat pose western militari organ nation secur one inch east promis mr gorbachev fool russ warrior,neutral
388,389, maggiedidris tell europ continu trade authoritarian putin russia know full well everyth go well exactli money smell putin regim conveni way,positive
389,390, putin avoid russia blame game ukrain attack cnn,negative
390,391, johnhawkinsrwn zelenskyyua goplead realiz elimin threat like russia end decreas likelihood futur war result lower requir budget militari donat invest futur secur europ world,neutral
391,392, origin inhabit india afghanistan agni aryan balochistan bhil commun brahui dravidian english europ european languag igni indsupremecourt iran latin mkatju north america pakistan presscouncil russia,neutral
392,393, tell russian cultur,neutral
393,394, major industrialis nation like us europ china russia must make pakistan climat relat loss one highest carbon emiss geograph countri affect climat chang betterpakistan,positive
394,395, bjornlomborg interest nice see uk still contribut much im continu impress tini collect raini island northwest coast europ rel small popul compar china india usa russia etc still world leader,positive
395,396, avatar nikkimariediari zelenskyyua goplead usa larg presenc europ via nato case notic sure america could focu america let china russia conquer whatev countri like next kind isolationist think thank present ww,positive
396,397, mdbutler jennaellisesq goplead turn china chna caught give away ukrainian troop posit russia dji ukrain would turn europ love see europ actual pay someth,positive
397,398, burneleigh abelscott indiaisgreatok barritu macaesbruno say russia good said western peopl talk imperi destroy whole world india neutral europ west problem europ deal,positive
398,399, un releas report ukrain telecom damag russia reuter,neutral
399,400, un u blame india peac kashmir want make peac territori india countri tri establish peac russia ukrain conflict india want europ burn bomb missil russia keep distanc frm kashmir antonioguterr,neutral
400,401, carlkesson islamicworldupd nato usa aggressor seem also ignor histori hundr year russia aggressor state part europ forgot mention infect bat bird program attack russian blood,neutral
401,402, gergelyszilvay politico us interest long war destroy russia europ well send amount weapon keep fight long possibl everi countri traitor readi sactrific life peopl countri economi interest,negative
402,403, dailymailuk froth mouth claim global furi h taliban claim impress headlin c pm gmt canvass view africa north south america russia europ asia mail determin defend incestu relationship royalti,neutral
403,404, alex oloyed would best german peopl russia end occup brd send forc home done long time ago deliv weapon fascist ua fascist denazif deweaponis done europ,positive
404,405, us grappl inflat europ struggl variou issu rippl effect ongo russia ukrainian war includ unpreced energi crisi n,neutral
405,406, articl iran becom russia top militari backer suppli iranian made suicid drone shahe drone kill wound ukrain presid zelenskyy said aim exhaust peopl,positive
406,407, hoosier bernad blackrussiantv long readi see russia strike europ us uk,negative
407,408, jamesbradleyca mandatori stupid say republican sympathis europ let hate democrat blind fact russia invad countri tri genocid st centuri,negative
